PassengerId,Survived,Class,Name,Sex,Age,#Familiares,#Acompañantes,Ticket,PrecioTicket,NumCabin,Embarked,Country
892,N,3 Third,"Kelly, Mr. James",male,34.5,0,0,330911,7.8292,,Queenstown,United States
893,S,3 Third,"Wilkes, Mrs. James (Ellen Needs)",female,47,1,0,363272,7,,Southampton,United States
894,N,2 Second,"Myles, Mr. Thomas Francis",male,62,0,0,240276,9.6875,,Queenstown,Ireland
895,N,3 Third,"Wirz, Mr. Albert",male,27,0,0,315154,8.6625,,Southampton,Canada
896,S,3 Third,"Hirvonen, Mrs. Alexander (Helga E Lindqvist)",female,22,1,1,3101298,12.2875,,Southampton,Scotland
897,N,3 Third,"Svensson, Mr. Johan Cervin",male,14,0,0,7538,9.225,,Southampton,United Kingdom
898,S,3 Third,"Connolly, Miss. Kate",female,30,0,0,330972,7.6292,,Queenstown,Ireland
899,N,2 Second,"Caldwell, Mr. Albert Francis",male,26,1,1,248738,29,,Southampton,United States
900,S,3 Third,"Abrahim, Mrs. Joseph (Sophie Halaut Easu)",female,18,0,0,2657,7.2292,,Cherbourg,United Kingdom
901,N,3 Third,"Davies, Mr. John Samuel",male,21,2,0,A/4 48871,24.15,,Southampton,Ireland
902,N,3 Third,"Ilieff, Mr. Ylio",male,,0,0,349220,7.8958,,Southampton,France
903,N,1 First,"Jones, Mr. Charles Cresson",male,46,0,0,694,126,,Southampton,Spain
904,S,1 First,"Snyder, Mrs. John Pillsbury (Nelle Stevenson)",female,23,1,0,21228,182.2667,B45,Southampton,France
905,N,2 Second,"Howard, Mr. Benjamin",male,63,1,0,24065,26,,Southampton,Scotland
906,S,1 First,"Chaffee, Mrs. Herbert Fuller (Carrie Constance Toogood)",female,47,1,0,W.E.P. 5734,161.175,E31,Southampton,Scotland
907,S,2 Second,"del Carlo, Mrs. Sebastiano (Argenia Genovesi)",female,24,1,0,SC/PARIS 2167,27.7208,,Cherbourg,Scotland
908,N,2 Second,"Keane, Mr. Daniel",male,35,0,0,233734,12.35,,Queenstown,France
909,N,3 Third,"Assaf, Mr. Gerios",male,21,0,0,2692,7.225,,Cherbourg,Scotland
910,S,3 Third,"Ilmakangas, Miss. Ida Livija",female,27,1,0,STON/O2. 3101270,7.925,,Southampton,United States
911,S,3 Third,"Assaf Khalil, Mrs. Mariana (Miriam"")""",female,45,0,0,2696,7.225,,Cherbourg,United States
912,N,1 First,"Rothschild, Mr. Martin",male,55,1,0,PC 17603,159.4,,Cherbourg,Scotland
913,N,3 Third,"Olsen, Master. Artur Karl",male,9,0,1,C 17368,3.1708,,Southampton,Spain
914,S,1 First,"Flegenheim, Mrs. Alfred (Antoinette)",female,,0,0,PC 17598,131.6833,,Southampton,France
915,N,1 First,"Williams, Mr. Richard Norris II",male,21,0,1,PC 17597,161.3792,,Cherbourg,Canada
916,S,1 First,"Ryerson, Mrs. Arthur Larned (Emily Maria Borie)",female,48,1,3,PC 17608,362.375,B57 B59 B63 B66,Cherbourg,United Kingdom
917,N,3 Third,"Robins, Mr. Alexander A",male,50,1,0,A/5. 3337,14.5,,Southampton,United Kingdom
918,S,1 First,"Ostby, Miss. Helene Ragnhild",female,22,0,1,113509,161.9792,B36,Cherbourg,Spain
919,N,3 Third,"Daher, Mr. Shedid",male,22.5,0,0,2698,7.225,,Cherbourg,Scotland
920,N,1 First,"Brady, Mr. John Bertram",male,41,0,0,113054,130.5,A21,Southampton,United States
921,N,3 Third,"Samaan, Mr. Elias",male,,2,0,2662,21.6792,,Cherbourg,United States
922,N,2 Second,"Louch, Mr. Charles Alexander",male,50,1,0,SC/AH 3085,26,,Southampton,Ireland
923,N,2 Second,"Jefferys, Mr. Clifford Thomas",male,24,2,0,C.A. 31029,31.5,,Southampton,United States
924,S,3 Third,"Dean, Mrs. Bertram (Eva Georgetta Light)",female,33,1,2,C.A. 2315,20.575,,Southampton,United States
925,S,3 Third,"Johnston, Mrs. Andrew G (Elizabeth Lily"" Watson)""",female,,1,2,W./C. 6607,23.45,,Southampton,France
926,N,1 First,"Mock, Mr. Philipp Edmund",male,30,1,0,13236,157.75,C78,Cherbourg,Canada
927,N,3 Third,"Katavelas, Mr. Vassilios (Catavelas Vassilios"")""",male,18.5,0,0,2682,7.2292,,Cherbourg,Scotland
928,S,3 Third,"Roth, Miss. Sarah A",female,,0,0,342712,8.05,,Southampton,United States
929,S,3 Third,"Cacic, Miss. Manda",female,21,0,0,315087,8.6625,,Southampton,United States
930,N,3 Third,"Sap, Mr. Julius",male,25,0,0,345768,9.5,,Southampton,United States
931,N,3 Third,"Hee, Mr. Ling",male,,0,0,1601,56.4958,,Southampton,Spain
932,N,3 Third,"Karun, Mr. Franz",male,39,0,1,349256,13.4167,,Cherbourg,Scotland
933,N,1 First,"Franklin, Mr. Thomas Parham",male,,0,0,113778,126.55,D34,Southampton,Scotland
934,N,3 Third,"Goldsmith, Mr. Nathan",male,41,0,0,SOTON/O.Q. 3101263,7.85,,Southampton,Canada
935,S,2 Second,"Corbett, Mrs. Walter H (Irene Colvin)",female,30,0,0,237249,13,,Southampton,Scotland
936,S,1 First,"Kimball, Mrs. Edwin Nelson Jr (Gertrude Parsons)",female,45,1,0,11753,152.5542,D19,Southampton,Canada
937,N,3 Third,"Peltomaki, Mr. Nikolai Johannes",male,25,0,0,STON/O 2. 3101291,7.925,,Southampton,Spain
938,N,1 First,"Chevre, Mr. Paul Romaine",male,45,0,0,PC 17594,129.7,A9,Cherbourg,Spain
939,N,3 Third,"Shaughnessy, Mr. Patrick",male,,0,0,370374,7.75,,Queenstown,Spain
940,S,1 First,"Bucknell, Mrs. William Robert (Emma Eliza Ward)",female,60,0,0,11813,176.2917,D15,Cherbourg,United Kingdom
941,S,3 Third,"Coutts, Mrs. William (Winnie Minnie"" Treanor)""",female,36,0,2,C.A. 37671,15.9,,Southampton,Canada
942,N,1 First,"Smith, Mr. Lucien Philip",male,24,1,0,13695,160,C31,Southampton,Ireland
943,N,2 Second,"Pulbaum, Mr. Franz",male,27,0,0,SC/PARIS 2168,15.0333,,Cherbourg,United Kingdom
944,S,2 Second,"Hocking, Miss. Ellen Nellie""""",female,20,2,1,29105,23,,Southampton,France
945,S,1 First,"Fortune, Miss. Ethel Flora",female,28,3,2,19950,363,C23 C25 C27,Southampton,Scotland
946,N,2 Second,"Mangiavacchi, Mr. Serafino Emilio",male,,0,0,SC/A.3 2861,15.5792,,Cherbourg,Canada
947,N,3 Third,"Rice, Master. Albert",male,10,4,1,382652,29.125,,Queenstown,Ireland
948,N,3 Third,"Cor, Mr. Bartol",male,35,0,0,349230,7.8958,,Southampton,France
949,N,3 Third,"Abelseth, Mr. Olaus Jorgensen",male,25,0,0,348122,7.65,F G63,Southampton,United States
950,N,3 Third,"Davison, Mr. Thomas Henry",male,,1,0,386525,16.1,,Southampton,France
951,S,1 First,"Chaudanson, Miss. Victorine",female,36,0,0,PC 17608,362.375,B61,Cherbourg,United Kingdom
952,N,3 Third,"Dika, Mr. Mirko",male,17,0,0,349232,7.8958,,Southampton,Scotland
953,N,2 Second,"McCrae, Mr. Arthur Gordon",male,32,0,0,237216,13.5,,Southampton,Ireland
954,N,3 Third,"Bjorklund, Mr. Ernst Herbert",male,18,0,0,347090,7.75,,Southampton,Spain
955,S,3 Third,"Bradley, Miss. Bridget Delia",female,22,0,0,334914,7.725,,Queenstown,United States
956,N,1 First,"Ryerson, Master. John Borie",male,13,2,2,PC 17608,362.375,B57 B59 B63 B66,Cherbourg,France
957,S,2 Second,"Corey, Mrs. Percy C (Mary Phyllis Elizabeth Miller)",female,,0,0,F.C.C. 13534,21,,Southampton,Canada
958,S,3 Third,"Burns, Miss. Mary Delia",female,18,0,0,330963,7.8792,,Queenstown,Spain
959,N,1 First,"Moore, Mr. Clarence Bloomfield",male,47,0,0,113796,142.4,,Southampton,United Kingdom
960,N,1 First,"Tucker, Mr. Gilbert Milligan Jr",male,31,0,0,2543,128.5375,C53,Cherbourg,France
961,S,1 First,"Fortune, Mrs. Mark (Mary McDougald)",female,60,1,4,19950,363,C23 C25 C27,Southampton,Canada
962,S,3 Third,"Mulvihill, Miss. Bertha E",female,24,0,0,382653,7.75,,Queenstown,Norway
963,N,3 Third,"Minkoff, Mr. Lazar",male,21,0,0,349211,7.8958,,Southampton,Canada
964,S,3 Third,"Nieminen, Miss. Manta Josefina",female,29,0,0,3101297,7.925,,Southampton,United States
965,N,1 First,"Ovies y Rodriguez, Mr. Servando",male,28.5,0,0,PC 17562,127.7208,D43,Cherbourg,Canada
966,S,1 First,"Geiger, Miss. Amalie",female,35,0,0,113503,311.5,C130,Cherbourg,United Kingdom
967,N,1 First,"Keeping, Mr. Edwin",male,32.5,0,0,113503,311.5,C132,Cherbourg,France
968,N,3 Third,"Miles, Mr. Frank",male,,0,0,359306,8.05,,Southampton,United States
969,S,1 First,"Cornell, Mrs. Robert Clifford (Malvina Helen Lamson)",female,55,2,0,11770,125.7,C101,Southampton,United States
970,N,2 Second,"Aldworth, Mr. Charles Augustus",male,30,0,0,248744,13,,Southampton,Scotland
971,S,3 Third,"Doyle, Miss. Elizabeth",female,24,0,0,368702,7.75,,Queenstown,United States
972,N,3 Third,"Boulos, Master. Akar",male,6,1,1,2678,15.2458,,Cherbourg,Scotland
973,N,1 First,"Straus, Mr. Isidor",male,67,1,0,PC 17483,321.7792,C55 C57,Southampton,United Kingdom
974,N,1 First,"Case, Mr. Howard Brown",male,49,0,0,19924,126,,Southampton,Scotland
975,N,3 Third,"Demetri, Mr. Marinko",male,,0,0,349238,7.8958,,Southampton,Scotland
976,N,2 Second,"Lamb, Mr. John Joseph",male,,0,0,240261,10.7083,,Queenstown,France
977,N,3 Third,"Khalil, Mr. Betros",male,,1,0,2660,14.4542,,Cherbourg,France
978,S,3 Third,"Barry, Miss. Julia",female,27,0,0,330844,7.8792,,Queenstown,Ireland
979,S,3 Third,"Badman, Miss. Emily Louisa",female,18,0,0,A/4 31416,8.05,,Southampton,Spain
980,S,3 Third,"O'Donoghue, Ms. Bridget",female,,0,0,364856,7.75,,Queenstown,Scotland
981,N,2 Second,"Wells, Master. Ralph Lester",male,2,1,1,29103,23,,Southampton,Scotland
982,S,3 Third,"Dyker, Mrs. Adolf Fredrik (Anna Elisabeth Judith Andersson)",female,22,1,0,347072,13.9,,Southampton,Norway
983,N,3 Third,"Pedersen, Mr. Olaf",male,,0,0,345498,7.775,,Southampton,United Kingdom
984,S,1 First,"Davidson, Mrs. Thornton (Orian Hays)",female,27,1,2,F.C. 12750,152,B71,Southampton,United Kingdom
985,N,3 Third,"Guest, Mr. Robert",male,,0,0,376563,8.05,,Southampton,France
986,N,1 First,"Birnbaum, Mr. Jakob",male,25,0,0,13905,126,,Cherbourg,Ireland
987,N,3 Third,"Tenglin, Mr. Gunnar Isidor",male,25,0,0,350033,7.7958,,Southampton,France
988,S,1 First,"Cavendish, Mrs. Tyrell William (Julia Florence Siegel)",female,76,1,0,19877,178.85,C46,Southampton,Norway
989,N,3 Third,"Makinen, Mr. Kalle Edvard",male,29,0,0,STON/O 2. 3101268,7.925,,Southampton,Spain
990,S,3 Third,"Braf, Miss. Elin Ester Maria",female,20,0,0,347471,7.8542,,Southampton,United Kingdom
991,N,3 Third,"Nancarrow, Mr. William Henry",male,33,0,0,A./5. 3338,8.05,,Southampton,Canada
992,S,1 First,"Stengel, Mrs. Charles Emil Henry (Annie May Morris)",female,43,1,0,11778,155.4417,C116,Cherbourg,Spain
993,N,2 Second,"Weisz, Mr. Leopold",male,27,1,0,228414,26,,Southampton,United Kingdom
994,N,3 Third,"Foley, Mr. William",male,,0,0,365235,7.75,,Queenstown,United States
995,N,3 Third,"Johansson Palmquist, Mr. Oskar Leander",male,26,0,0,347070,7.775,,Southampton,Norway
996,S,3 Third,"Thomas, Mrs. Alexander (Thamine Thelma"")""",female,16,1,1,2625,8.5167,,Cherbourg,United States
997,N,3 Third,"Holthen, Mr. Johan Martin",male,28,0,0,C 4001,22.525,,Southampton,Ireland
998,N,3 Third,"Buckley, Mr. Daniel",male,21,0,0,330920,7.8208,,Queenstown,United Kingdom
999,N,3 Third,"Ryan, Mr. Edward",male,,0,0,383162,7.75,,Queenstown,Scotland
1000,N,3 Third,"Willer, Mr. Aaron (Abi Weller"")""",male,,0,0,3410,8.7125,,Southampton,Norway
1001,N,2 Second,"Swane, Mr. George",male,18.5,0,0,248734,13,F,Southampton,Spain
1002,N,2 Second,"Stanton, Mr. Samuel Ward",male,41,0,0,237734,15.0458,,Cherbourg,France
1003,S,3 Third,"Shine, Miss. Ellen Natalia",female,,0,0,330968,7.7792,,Queenstown,Canada
1004,S,1 First,"Evans, Miss. Edith Corse",female,36,0,0,PC 17531,131.6792,A29,Cherbourg,Ireland
1005,S,3 Third,"Buckley, Miss. Katherine",female,18.5,0,0,329944,7.2833,,Queenstown,United Kingdom
1006,S,1 First,"Straus, Mrs. Isidor (Rosalie Ida Blun)",female,63,1,0,PC 17483,321.7792,C55 C57,Southampton,Canada
1007,N,3 Third,"Chronopoulos, Mr. Demetrios",male,18,1,0,2680,14.4542,,Cherbourg,Norway
1008,N,3 Third,"Thomas, Mr. John",male,,0,0,2681,6.4375,,Cherbourg,Spain
1009,S,3 Third,"Sandstrom, Miss. Beatrice Irene",female,1,1,1,PP 9549,16.7,G6,Southampton,United Kingdom
1010,N,1 First,"Beattie, Mr. Thomson",male,36,0,0,13050,175.2417,C6,Cherbourg,Norway
1011,S,2 Second,"Chapman, Mrs. John Henry (Sara Elizabeth Lawry)",female,29,1,0,SC/AH 29037,26,,Southampton,United States
1012,S,2 Second,"Watt, Miss. Bertha J",female,12,0,0,C.A. 33595,15.75,,Southampton,Ireland
1013,N,3 Third,"Kiernan, Mr. John",male,,1,0,367227,7.75,,Queenstown,Scotland
1014,S,1 First,"Schabert, Mrs. Paul (Emma Mock)",female,35,1,0,13236,157.75,C28,Cherbourg,United Kingdom
1015,N,3 Third,"Carver, Mr. Alfred John",male,28,0,0,392095,7.25,,Southampton,Spain
1016,N,3 Third,"Kennedy, Mr. John",male,,0,0,368783,7.75,,Queenstown,France
1017,S,3 Third,"Cribb, Miss. Laura Alice",female,17,0,1,371362,16.1,,Southampton,Ireland
1018,N,3 Third,"Brobeck, Mr. Karl Rudolf",male,22,0,0,350045,7.7958,,Southampton,France
1019,S,3 Third,"McCoy, Miss. Alicia",female,,2,0,367226,23.25,,Queenstown,Scotland
1020,N,2 Second,"Bowenur, Mr. Solomon",male,42,0,0,211535,13,,Southampton,United States
1021,N,3 Third,"Petersen, Mr. Marius",male,24,0,0,342441,8.05,,Southampton,Norway
1022,N,3 Third,"Spinner, Mr. Henry John",male,32,0,0,STON/OQ. 369943,8.05,,Southampton,United Kingdom
1023,N,1 First,"Gracie, Col. Archibald IV",male,53,0,0,113780,128.5,C51,Cherbourg,Scotland
1024,S,3 Third,"Lefebre, Mrs. Frank (Frances)",female,,0,4,4133,25.4667,,Southampton,United States
1025,N,3 Third,"Thomas, Mr. Charles P",male,,1,0,2621,6.4375,,Cherbourg,United Kingdom
1026,N,3 Third,"Dintcheff, Mr. Valtcho",male,43,0,0,349226,7.8958,,Southampton,France
1027,N,3 Third,"Carlsson, Mr. Carl Robert",male,24,0,0,350409,7.8542,,Southampton,Spain
1028,N,3 Third,"Zakarian, Mr. Mapriededer",male,26.5,0,0,2656,7.225,,Cherbourg,Scotland
1029,N,2 Second,"Schmidt, Mr. August",male,26,0,0,248659,13,,Southampton,Canada
1030,S,3 Third,"Drapkin, Miss. Jennie",female,23,0,0,SOTON/OQ 392083,8.05,,Southampton,United Kingdom
1031,N,3 Third,"Goodwin, Mr. Charles Frederick",male,40,1,6,CA 2144,46.9,,Southampton,Norway
1032,S,3 Third,"Goodwin, Miss. Jessie Allis",female,10,5,2,CA 2144,46.9,,Southampton,France
1033,S,1 First,"Daniels, Miss. Sarah",female,33,0,0,113781,251.55,,Southampton,Scotland
1034,N,1 First,"Ryerson, Mr. Arthur Larned",male,61,1,3,PC 17608,362.375,B57 B59 B63 B66,Cherbourg,United States
1035,N,2 Second,"Beauchamp, Mr. Henry James",male,28,0,0,244358,26,,Southampton,France
1036,N,1 First,"Lindeberg-Lind, Mr. Erik Gustaf (Mr Edward Lingrey"")""",male,42,0,0,17475,126.55,,Southampton,Spain
1037,N,3 Third,"Vander Planke, Mr. Julius",male,31,3,0,345763,18,,Southampton,United Kingdom
1038,N,1 First,"Hilliard, Mr. Herbert Henry",male,,0,0,17463,151.8625,E46,Southampton,Scotland
1039,N,3 Third,"Davies, Mr. Evan",male,22,0,0,SC/A4 23568,8.05,,Southampton,United Kingdom
1040,N,1 First,"Crafton, Mr. John Bertram",male,,0,0,113791,126.55,,Southampton,United Kingdom
1041,N,2 Second,"Lahtinen, Rev. William",male,30,1,1,250651,26,,Southampton,Scotland
1042,S,1 First,"Earnshaw, Mrs. Boulton (Olive Potter)",female,23,0,1,11767,183.1583,C54,Cherbourg,Norway
1043,N,3 Third,"Matinoff, Mr. Nicola",male,,0,0,349255,7.8958,,Cherbourg,United Kingdom
1044,N,3 Third,"Storey, Mr. Thomas",male,60.5,0,0,3701,0,,Southampton,Scotland
1045,S,3 Third,"Klasen, Mrs. (Hulda Kristina Eugenia Lofqvist)",female,36,0,2,350405,12.1833,,Southampton,Spain
1046,N,3 Third,"Asplund, Master. Filip Oscar",male,13,4,2,347077,31.3875,,Southampton,France
1047,N,3 Third,"Duquemin, Mr. Joseph",male,24,0,0,S.O./P.P. 752,7.55,,Southampton,Norway
1048,S,1 First,"Bird, Miss. Ellen",female,29,0,0,PC 17483,321.7792,C97,Southampton,Ireland
1049,S,3 Third,"Lundin, Miss. Olga Elida",female,23,0,0,347469,7.8542,,Southampton,Canada
1050,N,1 First,"Borebank, Mr. John James",male,42,0,0,110489,126.55,D22,Southampton,Scotland
1051,S,3 Third,"Peacock, Mrs. Benjamin (Edith Nile)",female,26,0,2,SOTON/O.Q. 3101315,13.775,,Southampton,United States
1052,S,3 Third,"Smyth, Miss. Julia",female,,0,0,335432,7.7333,,Queenstown,Norway
1053,N,3 Third,"Touma, Master. Georges Youssef",male,7,1,1,2650,15.2458,,Cherbourg,Ireland
1054,S,2 Second,"Wright, Miss. Marion",female,26,0,0,220844,13.5,,Southampton,Ireland
1055,N,3 Third,"Pearce, Mr. Ernest",male,,0,0,343271,7,,Southampton,United States
1056,N,2 Second,"Peruschitz, Rev. Joseph Maria",male,41,0,0,237393,13,,Southampton,Norway
1057,S,3 Third,"Kink-Heilmann, Mrs. Anton (Luise Heilmann)",female,26,1,1,315153,22.025,,Southampton,United Kingdom
1058,N,1 First,"Brandeis, Mr. Emil",male,48,0,0,PC 17591,150.4958,B10,Cherbourg,Norway
1059,N,3 Third,"Ford, Mr. Edward Watson",male,18,2,2,W./C. 6608,34.375,,Southampton,Spain
1060,S,1 First,"Cassebeer, Mrs. Henry Arthur Jr (Eleanor Genevieve Fosdick)",female,,0,0,17770,127.7208,,Cherbourg,Norway
1061,S,3 Third,"Hellstrom, Miss. Hilda Maria",female,22,0,0,7548,8.9625,,Southampton,Spain
1062,N,3 Third,"Lithman, Mr. Simon",male,,0,0,S.O./P.P. 251,7.55,,Southampton,United States
1063,N,3 Third,"Zakarian, Mr. Ortin",male,27,0,0,2670,7.225,,Cherbourg,United States
1064,N,3 Third,"Dyker, Mr. Adolf Fredrik",male,23,1,0,347072,13.9,,Southampton,Scotland
1065,N,3 Third,"Torfa, Mr. Assad",male,,0,0,2673,7.2292,,Cherbourg,Canada
1066,N,3 Third,"Asplund, Mr. Carl Oscar Vilhelm Gustafsson",male,40,1,5,347077,31.3875,,Southampton,Scotland
1067,S,2 Second,"Brown, Miss. Edith Eileen",female,15,0,2,29750,39,,Southampton,Scotland
1068,S,2 Second,"Sincock, Miss. Maude",female,20,0,0,C.A. 33112,36.75,,Southampton,France
1069,N,1 First,"Stengel, Mr. Charles Emil Henry",male,54,1,0,11778,155.4417,C116,Cherbourg,Spain
1070,S,2 Second,"Becker, Mrs. Allen Oliver (Nellie E Baumgardner)",female,36,0,3,230136,39,F4,Southampton,France
1071,S,1 First,"Compton, Mrs. Alexander Taylor (Mary Eliza Ingersoll)",female,64,0,2,PC 17756,183.1583,E45,Cherbourg,Norway
1072,N,2 Second,"McCrie, Mr. James Matthew",male,30,0,0,233478,13,,Southampton,United Kingdom
1073,N,1 First,"Compton, Mr. Alexander Taylor Jr",male,37,1,1,PC 17756,183.1583,E52,Cherbourg,Spain
1074,S,1 First,"Marvin, Mrs. Daniel Warner (Mary Graham Carmichael Farquarson)",female,18,1,0,113773,153.1,D30,Southampton,Norway
1075,N,3 Third,"Lane, Mr. Patrick",male,,0,0,7935,7.75,,Queenstown,Canada
1076,S,1 First,"Douglas, Mrs. Frederick Charles (Mary Helene Baxter)",female,27,1,1,PC 17558,347.5208,B58 B60,Cherbourg,United Kingdom
1077,N,2 Second,"Maybery, Mr. Frank Hubert",male,40,0,0,239059,16,,Southampton,Scotland
1078,S,2 Second,"Phillips, Miss. Alice Frances Louisa",female,21,0,1,S.O./P.P. 2,21,,Southampton,Scotland
1079,N,3 Third,"Davies, Mr. Joseph",male,17,2,0,A/4 48873,8.05,,Southampton,Canada
1080,S,3 Third,"Sage, Miss. Ada",female,,8,2,CA. 2343,69.55,,Southampton,United Kingdom
1081,N,2 Second,"Veal, Mr. James",male,40,0,0,28221,13,,Southampton,Norway
1082,N,2 Second,"Angle, Mr. William A",male,34,1,0,226875,26,,Southampton,United States
1083,N,1 First,"Salomon, Mr. Abraham L",male,,0,0,111163,126,,Southampton,Norway
1084,N,3 Third,"van Billiard, Master. Walter John",male,11.5,1,1,A/5. 851,14.5,,Southampton,France
1085,N,2 Second,"Lingane, Mr. John",male,61,0,0,235509,12.35,,Queenstown,Spain
1086,N,2 Second,"Drew, Master. Marshall Brines",male,8,0,2,28220,32.5,,Southampton,Scotland
1087,N,3 Third,"Karlsson, Mr. Julius Konrad Eugen",male,33,0,0,347465,7.8542,,Southampton,Ireland
1088,N,1 First,"Spedden, Master. Robert Douglas",male,6,0,2,16966,234.5,E34,Cherbourg,France
1089,S,3 Third,"Nilsson, Miss. Berta Olivia",female,18,0,0,347066,7.775,,Southampton,Scotland
1090,N,2 Second,"Baimbrigge, Mr. Charles Robert",male,23,0,0,C.A. 31030,10.5,,Southampton,Spain
1091,S,3 Third,"Rasmussen, Mrs. (Lena Jacobsen Solvang)",female,,0,0,65305,8.1125,,Southampton,France
1092,S,3 Third,"Murphy, Miss. Nora",female,,0,0,36568,15.5,,Queenstown,Norway
1093,N,3 Third,"Danbom, Master. Gilbert Sigvard Emanuel",male,0.33,0,2,347080,14.4,,Southampton,Scotland
1094,N,1 First,"Astor, Col. John Jacob",male,47,1,0,PC 17757,327.525,C62 C64,Cherbourg,Norway
1095,S,2 Second,"Quick, Miss. Winifred Vera",female,8,1,1,26360,26,,Southampton,United States
1096,N,2 Second,"Andrew, Mr. Frank Thomas",male,25,0,0,C.A. 34050,10.5,,Southampton,Norway
1097,N,1 First,"Omont, Mr. Alfred Fernand",male,,0,0,F.C. 12998,125.7417,,Cherbourg,Norway
1098,S,3 Third,"McGowan, Miss. Katherine",female,35,0,0,9232,7.75,,Queenstown,Scotland
1099,N,2 Second,"Collett, Mr. Sidney C Stuart",male,24,0,0,28034,10.5,,Southampton,Spain
1100,S,1 First,"Rosenbaum, Miss. Edith Louise",female,33,0,0,PC 17613,127.7208,A11,Cherbourg,Spain
1101,N,3 Third,"Delalic, Mr. Redjo",male,25,0,0,349250,7.8958,,Southampton,Scotland
1102,N,3 Third,"Andersen, Mr. Albert Karvin",male,32,0,0,C 4001,22.525,,Southampton,Spain
1103,N,3 Third,"Finoli, Mr. Luigi",male,,0,0,SOTON/O.Q. 3101308,7.05,,Southampton,Spain
1104,N,2 Second,"Deacon, Mr. Percy William",male,17,0,0,S.O.C. 14879,73.5,,Southampton,France
1105,S,2 Second,"Howard, Mrs. Benjamin (Ellen Truelove Arman)",female,60,1,0,24065,26,,Southampton,Ireland
1106,S,3 Third,"Andersson, Miss. Ida Augusta Margareta",female,38,4,2,347091,7.775,,Southampton,Norway
1107,N,1 First,"Head, Mr. Christopher",male,42,0,0,113038,142.5,B11,Southampton,United States
1108,S,3 Third,"Mahon, Miss. Bridget Delia",female,,0,0,330924,7.8792,,Queenstown,Spain
1109,N,1 First,"Wick, Mr. George Dennick",male,57,1,1,36928,264.8667,,Southampton,Ireland
1110,S,1 First,"Widener, Mrs. George Dunton (Eleanor Elkins)",female,50,1,1,113503,311.5,C80,Cherbourg,Ireland
1111,N,3 Third,"Thomson, Mr. Alexander Morrison",male,,0,0,32302,8.05,,Southampton,Norway
1112,S,2 Second,"Duran y More, Miss. Florentina",female,30,1,0,SC/PARIS 2148,13.8583,,Cherbourg,France
1113,N,3 Third,"Reynolds, Mr. Harold J",male,21,0,0,342684,8.05,,Southampton,Scotland
1114,S,2 Second,"Cook, Mrs. (Selena Rogers)",female,22,0,0,W./C. 14266,10.5,F33,Southampton,United States
1115,N,3 Third,"Karlsson, Mr. Einar Gervasius",male,21,0,0,350053,7.7958,,Southampton,France
1116,S,1 First,"Candee, Mrs. Edward (Helen Churchill Hungerford)",female,53,0,0,PC 17606,127.4458,,Cherbourg,United States
1117,S,3 Third,"Moubarek, Mrs. George (Omine Amenia"" Alexander)""",female,,0,2,2661,15.2458,,Cherbourg,Scotland
1118,N,3 Third,"Asplund, Mr. Johan Charles",male,23,0,0,350054,7.7958,,Southampton,Norway
1119,S,3 Third,"McNeill, Miss. Bridget",female,,0,0,370368,7.75,,Queenstown,Norway
1120,N,3 Third,"Everett, Mr. Thomas James",male,40.5,0,0,C.A. 6212,15.1,,Southampton,United Kingdom
1121,N,2 Second,"Hocking, Mr. Samuel James Metcalfe",male,36,0,0,242963,13,,Southampton,Canada
1122,N,2 Second,"Sweet, Mr. George Frederick",male,14,0,0,220845,65,,Southampton,Scotland
1123,S,1 First,"Willard, Miss. Constance",female,21,0,0,113795,126.55,,Southampton,Ireland
1124,N,3 Third,"Wiklund, Mr. Karl Johan",male,21,1,0,3101266,6.4958,,Southampton,Norway
1125,N,3 Third,"Linehan, Mr. Michael",male,,0,0,330971,7.8792,,Queenstown,Spain
1126,N,1 First,"Cumings, Mr. John Bradley",male,39,1,0,PC 17599,171.2833,C85,Cherbourg,United Kingdom
1127,N,3 Third,"Vendel, Mr. Olof Edvin",male,20,0,0,350416,7.8542,,Southampton,Scotland
1128,N,1 First,"Warren, Mr. Frank Manley",male,64,1,0,110813,175.25,D37,Cherbourg,Canada
1129,N,3 Third,"Baccos, Mr. Raffull",male,20,0,0,2679,7.225,,Cherbourg,Spain
1130,S,2 Second,"Hiltunen, Miss. Marta",female,18,1,1,250650,13,,Southampton,Canada
1131,S,1 First,"Douglas, Mrs. Walter Donald (Mahala Dutton)",female,48,1,0,PC 17761,206.425,C86,Cherbourg,Canada
1132,S,1 First,"Lindstrom, Mrs. Carl Johan (Sigrid Posse)",female,55,0,0,112377,127.7208,,Cherbourg,Norway
1133,S,2 Second,"Christy, Mrs. (Alice Frances)",female,45,0,2,237789,30,,Southampton,Norway
1134,N,1 First,"Spedden, Mr. Frederic Oakley",male,45,1,1,16966,234.5,E34,Cherbourg,France
1135,N,3 Third,"Hyman, Mr. Abraham",male,,0,0,3470,7.8875,,Southampton,Ireland
1136,N,3 Third,"Johnston, Master. William Arthur Willie""""",male,,1,2,W./C. 6607,23.45,,Southampton,France
1137,N,1 First,"Kenyon, Mr. Frederick R",male,41,1,0,17464,151.8625,D21,Southampton,France
1138,S,2 Second,"Karnes, Mrs. J Frank (Claire Bennett)",female,22,0,0,F.C.C. 13534,21,,Southampton,United Kingdom
1139,N,2 Second,"Drew, Mr. James Vivian",male,42,1,1,28220,32.5,,Southampton,United States
1140,S,2 Second,"Hold, Mrs. Stephen (Annie Margaret Hill)",female,29,1,0,26707,26,,Southampton,France
1141,S,3 Third,"Khalil, Mrs. Betros (Zahie Maria"" Elias)""",female,,1,0,2660,14.4542,,Cherbourg,United Kingdom
1142,S,2 Second,"West, Miss. Barbara J",female,0.92,1,2,C.A. 34651,16.7,,Southampton,France
1143,N,3 Third,"Abrahamsson, Mr. Abraham August Johannes",male,20,0,0,SOTON/O2 3101284,7.925,,Southampton,United Kingdom
1144,N,1 First,"Clark, Mr. Walter Miller",male,27,1,0,13508,236.7792,C89,Cherbourg,Spain
1145,N,3 Third,"Salander, Mr. Karl Johan",male,24,0,0,7266,9.325,,Southampton,United Kingdom
1146,N,3 Third,"Wenzel, Mr. Linhart",male,32.5,0,0,345775,9.5,,Southampton,United Kingdom
1147,N,3 Third,"MacKay, Mr. George William",male,,0,0,C.A. 42795,7.55,,Southampton,Scotland
1148,N,3 Third,"Mahon, Mr. John",male,,0,0,AQ/4 3130,7.75,,Queenstown,Canada
1149,N,3 Third,"Niklasson, Mr. Samuel",male,28,0,0,363611,8.05,,Southampton,Scotland
1150,S,2 Second,"Bentham, Miss. Lilian W",female,19,0,0,28404,13,,Southampton,Ireland
1151,N,3 Third,"Midtsjo, Mr. Karl Albert",male,21,0,0,345501,7.775,,Southampton,United States
1152,N,3 Third,"de Messemaeker, Mr. Guillaume Joseph",male,36.5,1,0,345572,17.4,,Southampton,United States
1153,N,3 Third,"Nilsson, Mr. August Ferdinand",male,21,0,0,350410,7.8542,,Southampton,Scotland
1154,S,2 Second,"Wells, Mrs. Arthur Henry (Addie"" Dart Trevaskis)""",female,29,0,2,29103,23,,Southampton,Ireland
1155,S,3 Third,"Klasen, Miss. Gertrud Emilia",female,1,1,1,350405,12.1833,,Southampton,United Kingdom
1156,N,2 Second,"Portaluppi, Mr. Emilio Ilario Giuseppe",male,30,0,0,C.A. 34644,12.7375,,Cherbourg,United States
1157,N,3 Third,"Lyntakoff, Mr. Stanko",male,,0,0,349235,7.8958,,Southampton,Spain
1158,N,1 First,"Chisholm, Mr. Roderick Robert Crispin",male,,0,0,112051,100,,Southampton,United Kingdom
1159,N,3 Third,"Warren, Mr. Charles William",male,,0,0,C.A. 49867,7.55,,Southampton,France
1160,S,3 Third,"Howard, Miss. May Elizabeth",female,,0,0,A. 2. 39186,8.05,,Southampton,United Kingdom
1161,N,3 Third,"Pokrnic, Mr. Mate",male,17,0,0,315095,8.6625,,Southampton,United Kingdom
1162,N,1 First,"McCaffry, Mr. Thomas Francis",male,46,0,0,13050,175.2417,C6,Cherbourg,France
1163,N,3 Third,"Fox, Mr. Patrick",male,,0,0,368573,7.75,,Queenstown,Ireland
1164,S,1 First,"Clark, Mrs. Walter Miller (Virginia McDowell)",female,26,1,0,13508,236.7792,C89,Cherbourg,United States
1165,S,3 Third,"Lennon, Miss. Mary",female,,1,0,370371,15.5,,Queenstown,France
1166,N,3 Third,"Saade, Mr. Jean Nassr",male,,0,0,2676,7.225,,Cherbourg,United Kingdom
1167,S,2 Second,"Bryhl, Miss. Dagmar Jenny Ingeborg ",female,20,1,0,236853,26,,Southampton,United States
1168,N,2 Second,"Parker, Mr. Clifford Richard",male,28,0,0,SC 14888,10.5,,Southampton,France
1169,N,2 Second,"Faunthorpe, Mr. Harry",male,40,1,0,2926,26,,Southampton,Spain
1170,N,2 Second,"Ware, Mr. John James",male,30,1,0,CA 31352,21,,Southampton,Scotland
1171,N,2 Second,"Oxenham, Mr. Percy Thomas",male,22,0,0,W./C. 14260,10.5,,Southampton,Canada
1172,S,3 Third,"Oreskovic, Miss. Jelka",female,23,0,0,315085,8.6625,,Southampton,Spain
1173,N,3 Third,"Peacock, Master. Alfred Edward",male,0.75,1,1,SOTON/O.Q. 3101315,13.775,,Southampton,France
1174,S,3 Third,"Fleming, Miss. Honora",female,,0,0,364859,7.75,,Queenstown,Spain
1175,S,3 Third,"Touma, Miss. Maria Youssef",female,9,1,1,2650,15.2458,,Cherbourg,United Kingdom
1176,S,3 Third,"Rosblom, Miss. Salli Helena",female,2,1,1,370129,20.2125,,Southampton,Spain
1177,N,3 Third,"Dennis, Mr. William",male,36,0,0,A/5 21175,7.25,,Southampton,Spain
1178,N,3 Third,"Franklin, Mr. Charles (Charles Fardon)",male,,0,0,SOTON/O.Q. 3101314,7.25,,Southampton,France
1179,N,1 First,"Snyder, Mr. John Pillsbury",male,24,1,0,21228,182.2667,B45,Southampton,Spain
1180,N,3 Third,"Mardirosian, Mr. Sarkis",male,,0,0,2655,7.2292,F E46,Cherbourg,France
1181,N,3 Third,"Ford, Mr. Arthur",male,,0,0,A/5 1478,8.05,,Southampton,United States
1182,N,1 First,"Rheims, Mr. George Alexander Lucien",male,,0,0,PC 17607,139.6,,Southampton,Ireland
1183,S,3 Third,"Daly, Miss. Margaret Marcella Maggie""""",female,30,0,0,382650,6.95,,Queenstown,Canada
1184,N,3 Third,"Nasr, Mr. Mustafa",male,,0,0,2652,7.2292,,Cherbourg,United Kingdom
1185,N,1 First,"Dodge, Dr. Washington",male,53,1,1,33638,181.8583,A34,Southampton,France
1186,N,3 Third,"Wittevrongel, Mr. Camille",male,36,0,0,345771,9.5,,Southampton,Canada
1187,N,3 Third,"Angheloff, Mr. Minko",male,26,0,0,349202,7.8958,,Southampton,Spain
1188,S,2 Second,"Laroche, Miss. Louise",female,1,1,2,SC/Paris 2123,13.775,,Cherbourg,United Kingdom
1189,N,3 Third,"Samaan, Mr. Hanna",male,,2,0,2662,21.6792,,Cherbourg,Spain
1190,N,1 First,"Loring, Mr. Joseph Holland",male,30,0,0,113801,145.5,,Southampton,United Kingdom
1191,N,3 Third,"Johansson, Mr. Nils",male,29,0,0,347467,7.8542,,Southampton,United Kingdom
1192,N,3 Third,"Olsson, Mr. Oscar Wilhelm",male,32,0,0,347079,7.775,,Southampton,Canada
1193,N,2 Second,"Malachard, Mr. Noel",male,,0,0,237735,15.0458,D,Cherbourg,France
1194,N,2 Second,"Phillips, Mr. Escott Robert",male,43,0,1,S.O./P.P. 2,21,,Southampton,Scotland
1195,N,3 Third,"Pokrnic, Mr. Tome",male,24,0,0,315092,8.6625,,Southampton,United Kingdom
1196,S,3 Third,"McCarthy, Miss. Catherine Katie""""",female,,0,0,383123,7.75,,Queenstown,United Kingdom
1197,S,1 First,"Crosby, Mrs. Edward Gifford (Catherine Elizabeth Halstead)",female,64,1,1,112901,126.55,B26,Southampton,United Kingdom
1198,N,1 First,"Allison, Mr. Hudson Joshua Creighton",male,30,1,2,113781,251.55,C22 C26,Southampton,Norway
1199,N,3 Third,"Aks, Master. Philip Frank",male,0.83,0,1,392091,9.35,,Southampton,United Kingdom
1200,N,1 First,"Hays, Mr. Charles Melville",male,55,1,1,12749,193.5,B69,Southampton,United States
1201,S,3 Third,"Hansen, Mrs. Claus Peter (Jennie L Howard)",female,45,1,0,350026,14.1083,,Southampton,France
1202,N,3 Third,"Cacic, Mr. Jego Grga",male,18,0,0,315091,8.6625,,Southampton,Scotland
1203,N,3 Third,"Vartanian, Mr. David",male,22,0,0,2658,7.225,,Cherbourg,Scotland
1204,N,3 Third,"Sadowitz, Mr. Harry",male,,0,0,LP 1588,7.575,,Southampton,Scotland
1205,S,3 Third,"Carr, Miss. Jeannie",female,37,0,0,368364,7.75,,Queenstown,Norway
1206,S,1 First,"White, Mrs. John Stuart (Ella Holmes)",female,55,0,0,PC 17760,235.6333,C32,Cherbourg,United Kingdom
1207,S,3 Third,"Hagardon, Miss. Kate",female,17,0,0,AQ/3. 30631,7.7333,,Queenstown,France
1208,N,1 First,"Spencer, Mr. William Augustus",male,57,1,0,PC 17569,246.5208,B78,Cherbourg,Canada
1209,N,2 Second,"Rogers, Mr. Reginald Harry",male,19,0,0,28004,10.5,,Southampton,Ireland
1210,N,3 Third,"Jonsson, Mr. Nils Hilding",male,27,0,0,350408,7.8542,,Southampton,United Kingdom
1211,N,2 Second,"Jefferys, Mr. Ernest Wilfred",male,22,2,0,C.A. 31029,31.5,,Southampton,Spain
1212,N,3 Third,"Andersson, Mr. Johan Samuel",male,26,0,0,347075,7.775,,Southampton,United Kingdom
1213,N,3 Third,"Krekorian, Mr. Neshan",male,25,0,0,2654,7.2292,F E57,Cherbourg,United States
1214,N,2 Second,"Nesson, Mr. Israel",male,26,0,0,244368,13,F2,Southampton,Ireland
1215,N,1 First,"Rowe, Mr. Alfred G",male,33,0,0,113790,126.55,,Southampton,Canada
1216,S,1 First,"Kreuchen, Miss. Emilie",female,39,0,0,24160,311.3375,,Southampton,Scotland
1217,N,3 Third,"Assam, Mr. Ali",male,23,0,0,SOTON/O.Q. 3101309,7.05,,Southampton,United States
1218,S,2 Second,"Becker, Miss. Ruth Elizabeth",female,12,2,1,230136,39,F4,Southampton,France
1219,N,1 First,"Rosenshine, Mr. George (Mr George Thorne"")""",male,46,0,0,PC 17585,179.2,,Cherbourg,Ireland
1220,N,2 Second,"Clarke, Mr. Charles Valentine",male,29,1,0,2003,26,,Southampton,United Kingdom
1221,N,2 Second,"Enander, Mr. Ingvar",male,21,0,0,236854,13,,Southampton,United States
1222,S,2 Second,"Davies, Mrs. John Morgan (Elizabeth Agnes Mary White) ",female,48,0,2,C.A. 33112,36.75,,Southampton,United Kingdom
1223,N,1 First,"Dulles, Mr. William Crothers",male,39,0,0,PC 17580,129.7,A18,Cherbourg,Canada
1224,N,3 Third,"Thomas, Mr. Tannous",male,,0,0,2684,7.225,,Cherbourg,Spain
1225,S,3 Third,"Nakid, Mrs. Said (Waika Mary"" Mowad)""",female,19,1,1,2653,15.7417,,Cherbourg,Norway
1226,N,3 Third,"Cor, Mr. Ivan",male,27,0,0,349229,7.8958,,Southampton,United States
1227,N,1 First,"Maguire, Mr. John Edward",male,30,0,0,110469,126,C106,Southampton,United Kingdom
1228,N,2 Second,"de Brito, Mr. Jose Joaquim",male,32,0,0,244360,13,,Southampton,United States
1229,N,3 Third,"Elias, Mr. Joseph",male,39,0,2,2675,7.2292,,Cherbourg,France
1230,N,2 Second,"Denbury, Mr. Herbert",male,25,0,0,C.A. 31029,31.5,,Southampton,Spain
1231,N,3 Third,"Betros, Master. Seman",male,,0,0,2622,7.2292,,Cherbourg,Norway
1232,N,2 Second,"Fillbrook, Mr. Joseph Charles",male,18,0,0,C.A. 15185,10.5,,Southampton,Ireland
1233,N,3 Third,"Lundstrom, Mr. Thure Edvin",male,32,0,0,350403,7.5792,,Southampton,Scotland
1234,N,3 Third,"Sage, Mr. John George",male,,1,9,CA. 2343,69.55,,Southampton,Canada
1235,S,1 First,"Cardeza, Mrs. James Warburton Martinez (Charlotte Wardle Drake)",female,58,0,1,PC 17755,612.3292,B51 B53 B55,Cherbourg,Ireland
1236,N,3 Third,"van Billiard, Master. James William",male,,1,1,A/5. 851,14.5,,Southampton,Norway
1237,S,3 Third,"Abelseth, Miss. Karen Marie",female,16,0,0,348125,7.65,,Southampton,United States
1238,N,2 Second,"Botsford, Mr. William Hull",male,26,0,0,237670,13,,Southampton,Canada
1239,S,3 Third,"Whabee, Mrs. George Joseph (Shawneene Abi-Saab)",female,38,0,0,2688,7.2292,,Cherbourg,United Kingdom
1240,N,2 Second,"Giles, Mr. Ralph",male,24,0,0,248726,13.5,,Southampton,Scotland
1241,S,2 Second,"Walcroft, Miss. Nellie",female,31,0,0,F.C.C. 13528,21,,Southampton,France
1242,S,1 First,"Greenfield, Mrs. Leo David (Blanche Strouse)",female,45,0,1,PC 17759,163.3583,D10 D12,Cherbourg,Norway
1243,N,2 Second,"Stokes, Mr. Philip Joseph",male,25,0,0,F.C.C. 13540,10.5,,Southampton,France
1244,N,2 Second,"Dibden, Mr. William",male,18,0,0,S.O.C. 14879,73.5,,Southampton,Spain
1245,N,2 Second,"Herman, Mr. Samuel",male,49,1,2,220845,65,,Southampton,Scotland
1246,S,3 Third,"Dean, Miss. Elizabeth Gladys Millvina""""",female,0.17,1,2,C.A. 2315,9.35,,Southampton,Spain
1247,N,1 First,"Julian, Mr. Henry Forbes",male,50,0,0,113044,126,E60,Southampton,Scotland
1248,S,1 First,"Brown, Mrs. John Murray (Caroline Lane Lamson)",female,59,2,0,11769,151.4792,C101,Southampton,United States
1249,N,3 Third,"Lockyer, Mr. Edward",male,,0,0,1222,7.8792,,Southampton,Norway
1250,N,3 Third,"O'Keefe, Mr. Patrick",male,,0,0,368402,7.75,,Queenstown,Canada
1251,S,3 Third,"Lindell, Mrs. Edvard Bengtsson (Elin Gerda Persson)",female,30,1,0,349910,15.55,,Southampton,France
1252,N,3 Third,"Sage, Master. William Henry",male,14.5,8,2,CA. 2343,69.55,,Southampton,Norway
1253,S,2 Second,"Mallet, Mrs. Albert (Antoinette Magnin)",female,24,1,1,S.C./PARIS 2079,37.0042,,Cherbourg,France
1254,S,2 Second,"Ware, Mrs. John James (Florence Louise Long)",female,31,0,0,CA 31352,21,,Southampton,Ireland
1255,N,3 Third,"Strilic, Mr. Ivan",male,27,0,0,315083,8.6625,,Southampton,Scotland
1256,S,1 First,"Harder, Mrs. George Achilles (Dorothy Annan)",female,25,1,0,11765,155.4417,E50,Cherbourg,Spain
1257,S,3 Third,"Sage, Mrs. John (Annie Bullen)",female,,1,9,CA. 2343,69.55,,Southampton,Norway
1258,N,3 Third,"Caram, Mr. Joseph",male,,1,0,2689,14.4583,,Cherbourg,France
1259,S,3 Third,"Riihivouri, Miss. Susanna Juhantytar Sanni""""",female,22,0,0,3101295,39.6875,,Southampton,Spain
1260,S,1 First,"Gibson, Mrs. Leonard (Pauline C Boeson)",female,45,0,1,112378,159.4,,Cherbourg,Spain
1261,N,2 Second,"Pallas y Castello, Mr. Emilio",male,29,0,0,SC/PARIS 2147,13.8583,,Cherbourg,Ireland
1262,N,2 Second,"Giles, Mr. Edgar",male,21,1,0,28133,11.5,,Southampton,France
1263,S,1 First,"Wilson, Miss. Helen Alice",female,31,0,0,16966,234.5,E39 E41,Cherbourg,Canada
1264,N,1 First,"Ismay, Mr. Joseph Bruce",male,49,0,0,112058,100,B52 B54 B56,Southampton,Spain
1265,N,2 Second,"Harbeck, Mr. William H",male,44,0,0,248746,13,,Southampton,France
1266,S,1 First,"Dodge, Mrs. Washington (Ruth Vidaver)",female,54,1,1,33638,181.8583,A34,Southampton,Scotland
1267,S,1 First,"Bowen, Miss. Grace Scott",female,45,0,0,PC 17608,362.375,,Cherbourg,France
1268,S,3 Third,"Kink, Miss. Maria",female,22,2,0,315152,8.6625,,Southampton,Norway
1269,N,2 Second,"Cotterill, Mr. Henry Harry""""",male,21,0,0,29107,11.5,,Southampton,Scotland
1270,N,1 First,"Hipkins, Mr. William Edward",male,55,0,0,680,150,C39,Southampton,Norway
1271,N,3 Third,"Asplund, Master. Carl Edgar",male,5,4,2,347077,31.3875,,Southampton,Norway
1272,N,3 Third,"O'Connor, Mr. Patrick",male,,0,0,366713,7.75,,Queenstown,Scotland
1273,N,3 Third,"Foley, Mr. Joseph",male,26,0,0,330910,7.8792,,Queenstown,Spain
1274,S,3 Third,"Risien, Mrs. Samuel (Emma)",female,,0,0,364498,14.5,,Southampton,Scotland
1275,S,3 Third,"McNamee, Mrs. Neal (Eileen O'Leary)",female,19,1,0,376566,16.1,,Southampton,Scotland
1276,N,2 Second,"Wheeler, Mr. Edwin Frederick""""",male,,0,0,SC/PARIS 2159,12.875,,Southampton,Spain
1277,S,2 Second,"Herman, Miss. Kate",female,24,1,2,220845,65,,Southampton,Scotland
1278,N,3 Third,"Aronsson, Mr. Ernst Axel Algot",male,24,0,0,349911,7.775,,Southampton,Canada
1279,N,2 Second,"Ashby, Mr. John",male,57,0,0,244346,13,,Southampton,France
1280,N,3 Third,"Canavan, Mr. Patrick",male,21,0,0,364858,7.75,,Queenstown,France
1281,N,3 Third,"Palsson, Master. Paul Folke",male,6,3,1,349909,21.075,,Southampton,United Kingdom
1282,N,1 First,"Payne, Mr. Vivian Ponsonby",male,23,0,0,12749,193.5,B24,Southampton,Norway
1283,S,1 First,"Lines, Mrs. Ernest H (Elizabeth Lindsey James)",female,51,0,1,PC 17592,139.4,D28,Southampton,United States
1284,N,3 Third,"Abbott, Master. Eugene Joseph",male,13,0,2,C.A. 2673,20.25,,Southampton,United States
1285,N,2 Second,"Gilbert, Mr. William",male,47,0,0,C.A. 30769,10.5,,Southampton,United States
1286,N,3 Third,"Kink-Heilmann, Mr. Anton",male,29,3,1,315153,22.025,,Southampton,Scotland
1287,S,1 First,"Smith, Mrs. Lucien Philip (Mary Eloise Hughes)",female,18,1,0,13695,160,C31,Southampton,Spain
1288,N,3 Third,"Colbert, Mr. Patrick",male,24,0,0,371109,7.25,,Queenstown,Scotland
1289,S,1 First,"Frolicher-Stehli, Mrs. Maxmillian (Margaretha Emerentia Stehli)",female,48,1,1,13567,179.2,B41,Cherbourg,France
1290,N,3 Third,"Larsson-Rondberg, Mr. Edvard A",male,22,0,0,347065,7.775,,Southampton,Spain
1291,N,3 Third,"Conlon, Mr. Thomas Henry",male,31,0,0,21332,7.7333,,Queenstown,United Kingdom
1292,S,1 First,"Bonnell, Miss. Caroline",female,30,0,0,36928,264.8667,C7,Southampton,Scotland
1293,N,2 Second,"Gale, Mr. Harry",male,38,1,0,28664,21,,Southampton,Ireland
1294,S,1 First,"Gibson, Miss. Dorothy Winifred",female,22,0,1,112378,159.4,,Cherbourg,France
1295,N,1 First,"Carrau, Mr. Jose Pedro",male,17,0,0,113059,147.1,,Southampton,Spain
1296,N,1 First,"Frauenthal, Mr. Isaac Gerald",male,43,1,0,17765,127.7208,D40,Cherbourg,Scotland
1297,N,2 Second,"Nourney, Mr. Alfred (Baron von Drachstedt"")""",male,20,0,0,SC/PARIS 2166,13.8625,D38,Cherbourg,United States
1298,N,2 Second,"Ware, Mr. William Jeffery",male,23,1,0,28666,10.5,,Southampton,United Kingdom
1299,N,1 First,"Widener, Mr. George Dunton",male,50,1,1,113503,311.5,C80,Cherbourg,Canada
1300,S,3 Third,"Riordan, Miss. Johanna Hannah""""",female,,0,0,334915,7.7208,,Queenstown,Ireland
1301,S,3 Third,"Peacock, Miss. Treasteall",female,3,1,1,SOTON/O.Q. 3101315,13.775,,Southampton,Scotland
1302,S,3 Third,"Naughton, Miss. Hannah",female,,0,0,365237,7.75,,Queenstown,Ireland
1303,S,1 First,"Minahan, Mrs. William Edward (Lillian E Thorpe)",female,37,1,0,19928,190,C78,Queenstown,Ireland
1304,S,3 Third,"Henriksson, Miss. Jenny Lovisa",female,28,0,0,347086,7.775,,Southampton,United Kingdom
1305,N,3 Third,"Spector, Mr. Woolf",male,,0,0,A.5. 3236,8.05,,Southampton,Scotland
1306,S,1 First,"Oliva y Ocana, Dona. Fermina",female,39,0,0,PC 17758,208.9,C105,Cherbourg,United Kingdom
1307,N,3 Third,"Saether, Mr. Simon Sivertsen",male,38.5,0,0,SOTON/O.Q. 3101262,7.25,,Southampton,Ireland
1308,N,3 Third,"Ware, Mr. Frederick",male,,0,0,359309,8.05,,Southampton,Canada
1309,N,3 Third,"Peter, Master. Michael J",male,,1,1,2668,22.3583,,Cherbourg,Ireland
